1160; 4867; 2860; 9491; 4439; 979; 8535; 1853; 7270; 7955; 6160; 4084; 8875; 5240; 1036; 6159; 1259; 676; 4834; 5583
89; 7683; 2217; 3801; 9489; 1627; 3082; 7389; 9474; 5707; 383; 6140; 461; 3720; 2321; 3213; 1990; 6035; 9148; 1062
3970; 7552; 6673; 8483; 5668; 1612; 4239; 811; 6101; 4091; 1745; 2315; 1217; 7183; 8726; 3132; 3762; 9696
4134; 2571; 1688; 734; 9748; 9307; 8119; 549; 8099; 4027; 9948; 4262; 5922; 8440; 6720; 4962; 1402; 7721; 2819
5000; 8316; 3960; 489; 8424; 7875; 6033; 338; 5521; 1233; 2749; 1646; 8511; 114; 4949; 9112; 2347; 4185; 9058
2973; 8841; 5616; 3208; 1828; 4554; 6657; 4620; 9886; 9166; 9430; 8059; 5343; 594; 418; 2493; 6881; 1102; 4934
2742; 4509; 7429; 27; 498; 9060; 6501; 7354; 2814; 9253; 7862; 7587; 6557; 7305; 4783; 8435; 8838; 4280; 8142; 4898; 6053
1982; 590; 5958; 438; 3113; 5421; 3897; 6901; 5509; 9704; 3669; 7834; 7057; 3170; 7622; 6468; 4993; 7112; 6301; 2316; 8180; 806; 939
3514; 211; 2358; 2389; 6591; 1486; 4721; 986; 9235; 1980; 4933; 3150; 8659; 3420; 2498; 8215; 6880; 4466
6630; 5203; 4336; 5939; 1043; 7766; 8528; 3403; 9691; 5534; 7428; 3606; 3586; 1426; 5968; 6903; 9934; 952; 9165; 4829
7613; 334; 4037; 1721; 8626; 8009; 9136; 4346; 6425; 4244; 4787; 7672; 6639; 5401; 9920; 951; 6413; 4237; 5762; 1972; 1484; 8595
5784; 8070; 7808; 1321; 6744; 4075; 8638; 1651; 7788; 3480; 9337; 6545; 825; 4693; 5632; 5531; 9174
4492; 8843; 6689; 2770; 7119; 3275; 2930; 8385; 1090; 4926; 7626; 3600; 5073; 93; 2836; 7136; 2344
3573; 2447; 4707; 1085; 415; 1480; 9586; 1916; 9115; 2138; 5429; 9207; 9766; 3320; 5662; 4291; 5525; 3566; 6135
6695; 8782; 7013; 4143; 2670; 9869; 9877; 4243; 8889; 7657; 2878; 395; 8369; 8813; 654; 9070; 8336; 3928; 1314; 3940; 4909; 7625; 355; 5078
33; 2285; 6699; 5080; 4275; 3975; 8028; 7650; 2806; 3106; 3530; 8422; 6381; 4395; 409; 1047; 4708; 9628; 1780; 3554
2716; 510; 4740; 9373; 3712; 7892; 9284; 7373; 7408; 9340; 9092; 7637; 9175; 2120; 2396; 8311; 2903; 7105
6921; 6663; 7966; 245; 1427; 6000; 1131; 3521; 1156; 6988; 841; 3556; 2234; 3558; 3704; 812; 7392; 8750; 1546
5011; 627; 3011; 2831; 7300; 4288; 7345; 144; 7050; 1228; 3871; 8803; 8612; 2368; 6100; 5450; 2165; 771; 8705
2923; 4114; 6296; 543; 6915; 7369; 4307; 7412; 6345; 5806; 2342; 1434; 4596; 6310; 1799; 4442
9262; 7820; 1630; 87; 5463; 2728; 648; 4430; 2231; 4748; 7158; 2471; 6621; 5491; 430; 3003; 7648; 4602; 8691; 5052; 5176; 6257; 7968; 363
5576; 8947; 7971; 5076; 981; 8546; 4504; 8655; 351; 4578; 6271; 8991; 3252; 1554; 9844; 8904; 4839; 5362; 9701; 9450; 9606; 9651; 7192; 3929; 815
4535; 7692; 9281; 2252; 9944; 513; 646; 7573; 4104; 6323; 5721; 8177; 9291; 8700; 2820; 8156; 1893; 7303
737; 2708; 3534; 6229; 2040; 6453; 5833; 9067; 5017; 3451; 4731; 3412; 9894; 2303; 2697; 4505; 30; 4353; 8337; 3450; 222; 8429; 5493; 1203; 7059
1066; 7852; 547; 1865; 413; 3349; 3995; 4038; 9493; 915; 9056; 1583; 9293; 8834; 9305; 6481; 1978; 3389; 3946; 1606; 6712
8411; 8606; 5785; 4799; 5513; 4072; 4661; 7889; 6868; 1844; 3621; 2225; 44; 2361; 6845
2525; 1660; 9296; 918; 7810; 1399; 3304; 2639; 3675; 6019; 7990; 9398; 7689; 1421; 1502; 8877; 7453
5803; 417; 5608; 2024; 1696; 8046; 7699; 7214; 1151; 7663; 4397; 1532; 7567; 8391; 365; 7297; 4982; 4600; 1953
1083; 9782; 5796; 173; 3217; 2119; 4818; 3570; 3546; 8924; 7486; 3470; 5427; 3891; 6486; 493
9343; 197; 1725; 1378; 6599; 5098; 2137; 8030; 9223; 8596; 5480; 3065; 6119; 9587; 1578; 4624; 2767; 4369
2441; 929; 3603; 831; 4421; 7670; 1005; 6178; 9285; 8894; 8305; 5147; 5815; 6485; 5341; 2751; 1078; 288; 4357; 8901; 6016
858; 1400; 492; 759; 6117; 1034; 2726; 5682; 2300; 2216; 1537; 6549; 5200; 9476; 7180; 9737; 5232; 4195; 791; 1543; 3853; 9660; 8702; 5719
6667; 5259; 5540; 5109; 8787; 1845; 2775; 2077; 5502; 7551; 7992; 7713; 8408; 4884; 5693; 246; 596; 9473; 7844
3144; 3104; 3452; 4460; 2895; 2910; 6123; 8729; 3580; 9809; 6533; 4231; 746; 1337; 4245; 9653
2276; 1585; 2776; 2604; 1175; 9490; 4068; 3390; 6678; 7734; 6317; 7878; 9171; 9929; 8814; 1361; 4345; 2905; 4994
9078; 113; 838; 9197; 123; 1397; 4343; 9485; 8581; 6869; 5348; 7027; 2917; 8588
9531; 5543; 4658; 8089; 6589; 914; 1620; 8325; 4589; 9548; 4014; 6999; 9682; 2622; 5227; 8048; 4965; 9807; 7269; 3683; 6571
3259; 4689; 1683; 4559; 6886; 2381; 9621; 7135; 2584; 5475; 2156; 1338; 270
1064; 9901; 6777; 2514; 3590; 4191; 256; 10; 1451; 5934; 6108; 6730
6475; 860; 1069; 4973; 4943; 2623; 7024; 757; 6840; 1626; 6940; 3089; 9526; 9991; 1255; 4516; 7462
8821; 7518; 6793; 8825; 4485; 8547; 2173; 5285; 2539; 8171; 6808; 4836; 4054; 4374; 8464; 7632; 3827; 2532; 1889; 8718; 3446; 5089
1719; 5828; 8353; 2394; 8457; 8150; 9822; 8622; 4176; 4232; 9636; 1112; 3830; 6018; 6825; 7656
6407; 5582; 7478; 3214; 4290; 3130; 9264; 296; 6144; 2205; 3777; 8751; 9953; 9873; 576; 7854; 4906
1817; 1936; 1464; 5037; 8544; 1276; 2649; 5961; 9615; 7541; 1577; 7999; 8773; 7319; 6701; 6559; 1457; 1710; 6147; 283
5561; 171; 9251; 459; 6505; 7807; 221; 5016; 1226; 4957; 9458; 7310; 3137
9218; 5320; 1108; 7959; 5650; 545; 6499; 4750
1368; 2194; 9571; 3930; 6122; 3098; 2553; 9757; 289; 6372; 1174; 2324; 9211; 4361; 8562
9951; 2685; 1312; 9002; 504; 6479; 7238; 4386; 1503; 3462; 6091; 6494; 5310; 9310; 4530; 8501; 4715; 2169; 8386
4300; 5945; 6507; 4204; 1380; 7588; 5258; 4024; 3657; 5441; 3679; 5090; 6040; 2935; 6180
5595; 4710; 3306; 2410; 2885; 1295; 3984; 8114; 7014; 5757; 1084; 6646; 5885; 9354; 1494; 8014; 7506; 4489; 537
5777; 3647; 7894; 2865; 9583; 7101; 6858; 8522; 6293; 9042; 604; 4297; 9113; 7563; 8930; 3448; 292; 6672; 6839
4652; 4208; 5003; 1977; 7928; 4384; 3141; 164; 5395; 6580; 9779; 7028; 2351; 4358; 1153; 4155; 5588; 9098
5446; 615; 5044; 1195; 4260; 1455; 7669; 9350; 7711; 6644; 8001; 2362; 3120; 1012; 2999; 7020; 9595; 4220; 4935
3440; 8082; 8436; 7016; 9138; 682; 367; 2034; 5086; 2265; 9179; 41; 9848; 4026; 4311; 4250; 8820
2078; 3919; 2931; 1868; 9833; 8045; 2823; 8410; 9357; 8279; 1495; 2075; 7197; 5999; 7784; 131; 1887; 7640; 9320; 7205; 4761; 7920
5019; 6104; 1324; 6493; 9521; 9879; 3837; 7265; 5469; 6605; 2187; 8188; 9693; 3915; 2924; 983; 1857; 3862; 7926; 8372
9719; 9988; 330; 8397; 6575; 8049; 4718; 5002; 1807; 6743; 1271; 5140; 2076; 514; 3789; 5474; 2626; 3773; 4069; 6333; 9132; 5022
1448; 4153; 976; 3157; 777; 1222; 8936; 184; 2387; 6211; 4166; 3156; 7095; 4028; 6031; 7431; 1757
2951; 4706; 8534; 8604; 2655; 6420; 1383; 2183; 6537; 8980; 3642
1150; 9784; 7434; 5556; 3099; 6655; 8172; 4862; 9438; 333; 6714; 969; 668; 2783; 7100; 1001; 6295; 7927
4992; 8598; 7957; 5515; 8884; 1816; 406; 6393; 9812; 3761; 2637; 7939; 3472; 4016; 2241; 828; 3501
6925; 5206; 2417; 9504; 9000; 5575; 957; 6464; 1439; 7828; 1146; 2061; 1098; 9791; 4571; 7572; 9160; 2766
4890; 3599; 9232; 7857; 9605; 980; 447; 9388; 1826; 3520; 3826; 332; 8903; 8789; 7585; 2918; 6162
6012; 726; 5566; 8832; 959; 7161; 1332; 8553; 5172; 3985; 6212; 2572; 3913; 178; 528; 3139; 2849; 4363; 3219; 2944; 5929; 4730; 8690; 7302
8306; 5545; 7580; 1323; 3469; 80; 2916; 226; 2432; 3956; 863
3646; 5059; 6303; 7912; 970; 4778; 8719; 6859; 1746; 4332; 647; 5810; 1705; 2898; 6448; 7406
7519; 9050; 9627; 7155; 2981; 8512; 3265; 6450; 3048; 7616; 582; 9268
9803; 9437; 4951; 5498; 6445; 6063; 9228; 9421; 7932; 6084; 7497; 2825; 4642; 1355; 6585; 5677; 7481; 4462
1520; 5563; 4760; 7505; 3707; 3177; 3696; 9970; 713; 8196; 2152
2759; 9334; 852; 1060; 5107; 3769; 5157; 2682; 5438; 5182; 3817; 8981; 2589; 3404; 1345; 4214; 894; 871; 2420; 9447
1689; 1320; 3529; 5644; 9831; 1189; 1097; 2768; 6718; 1183; 3663; 8387; 2956; 7687; 6737; 5923; 3850; 7861; 9075
7735; 859; 7770; 16; 6181; 5308; 4044; 1911; 4582; 4020; 7667; 6384; 6824; 931; 9184; 5067; 1385; 7344
3652; 8198; 727; 3476; 1994; 8644; 305; 5325; 180; 6498; 8277; 7304; 4969; 4747
1145; 1833; 6854; 3342; 7263; 3748; 8954; 5706; 105; 445; 3445; 3124; 3360; 7647; 7943; 5642; 5173; 9423; 3123
6790; 2163; 885; 8481; 7691; 9167; 1527; 2555; 494; 3932; 5136; 8232; 4126; 9419; 249; 3329; 6666; 7972; 7321
2273; 9026; 3791; 3877; 9094; 9687; 8723; 4130; 5618; 386; 949; 5567; 48; 4775; 4
110; 9987; 8584; 760; 9959; 7061; 7123; 9859; 8833; 570; 4692; 7413
6774; 2337; 882; 6418; 6609; 8779; 9825; 5379; 4021; 8549; 9943; 7170; 5546; 1387; 778; 5033; 503; 1535
1814; 1033; 1265; 1263; 1374; 4737; 1654; 7471; 1837; 2803; 8579; 1773; 8519
3917; 1802; 8020; 7660; 1741; 7439; 9315; 7976; 7611; 6553; 5360; 9111; 3953; 2291; 1935; 9654; 6512; 4209; 4738; 5460; 7499
8648; 5501; 5572; 4531; 6446; 1499; 9330; 1294; 7423; 8287; 2587; 4360; 3604; 4389; 7651; 7836; 1798; 6862; 7082; 4861; 5337; 7291
1878; 2780; 7748; 8617; 8713; 5273; 2296; 2504; 1346; 3129; 1143; 7962; 7600; 4199; 4200; 262; 3145; 7762; 6130
6008; 1478; 4082; 8185; 2517; 6715; 2087; 1648; 5836; 6822; 8143; 5244
9524; 3695; 8856; 1995; 916; 5981; 9938; 9777; 7384; 6039; 8874; 366; 5297; 195; 1988; 1650; 3263
9741; 3574; 5443; 9401; 2664; 9666; 8399; 1621; 4490; 5410; 3459; 2094; 4985; 8513; 9484; 3198; 9205; 1267; 540
5769; 7364; 888; 9037; 2934; 1140; 6410; 6658; 341; 5894; 7753; 5710; 8428; 6199; 4025; 6574; 901; 5557; 5459
1702; 8687; 9152; 538; 6232; 660; 7550; 146; 217; 8242; 9827; 3617; 8222; 5293; 5497; 4776; 4451
9892; 7226; 4864; 2302; 5289; 3186; 3626; 2237; 6551; 7242; 5600; 8831; 437; 505; 6374; 2002; 4874; 9820; 4286
253; 265; 7796; 423; 1834; 4686; 3577; 5245; 7598; 7903; 3031; 3532; 2734; 6966; 319; 3648; 1214
7885; 8944; 4649; 9498; 434; 6627; 7960; 6397; 8800; 7574; 5128; 9919; 1424; 6692; 3767; 6455; 2261; 3053; 2142
5772; 2422; 232; 7067; 523; 2462; 6496; 3303; 9023; 4348; 1415; 8649; 301; 5838; 8921; 2769
8876; 4802; 5704; 205; 8928; 1562; 5631; 1162; 3272; 8445; 4388; 8003; 2489; 7019; 6305; 8746; 802; 5317
4282; 6237; 7586; 9839; 2037; 7353; 3155; 7165; 5100; 2958; 6129; 6179; 8067; 4050; 201; 4313; 4512; 7539; 5116
8675; 2854; 7929; 708; 1224; 2198; 6491; 9563; 6847; 5659; 5378; 562; 2465; 767; 9375; 5164; 2691; 2693; 4970; 4181; 1366
71; 3070; 945; 3421; 5653; 3641; 227; 4617; 4010; 2635; 238
5788; 5871; 157; 8338; 3162; 6330; 8575; 6266; 7654; 8111; 4154; 1875; 2982; 8061; 7456; 7089; 3563; 421
6026; 8506; 5380; 6614; 7447; 1859; 2511; 7218; 7267; 9170; 1908; 9549; 7890; 207; 3630; 2757; 6282; 8620; 1788; 9345; 3926; 1586; 8167; 8474
1182; 268; 2752; 3096; 8968; 7969; 797; 3951; 3161; 2855; 8784; 7996; 5436; 1389; 1190; 2875
9649; 1142; 5736; 4688; 3025; 4128; 6935; 3681; 8261; 85; 8396; 3093; 2560; 5758; 9109
433; 5312; 5960; 9808; 9508; 7785; 4936; 4542; 2290; 2032; 2731; 819; 2100; 3900; 7502; 1500; 3287
4494; 2027; 9590; 2529; 1013; 2922; 4635; 1042; 588; 7954; 1846; 5390; 8768; 937; 1232; 3738; 2641; 7395
4627; 2323; 1730; 5558; 1566; 9732; 6048; 2377; 6721; 7911; 3986; 96; 4125; 7899; 9713; 6409; 9562
8127; 1672; 3016; 9192; 8097; 5847; 6082; 1410
5260; 4500; 891; 425; 3453; 886; 9685; 1614; 6201; 6882; 4453; 2481; 21; 9911; 3455; 7437; 1264; 7002
3313; 3437; 8401; 6186; 2977; 3347; 11; 390; 2610; 1418; 7351; 9195; 4052; 9572; 3518; 6355; 278; 7674; 6945
8747; 374; 4429; 1325; 3363; 2012; 4296; 6184; 7476; 9418; 3643; 6740; 9451; 1106; 6265; 3010; 4798; 5607; 5645; 9454; 4427; 2445; 5034; 5853
1565; 4276; 5204; 9535; 2304; 2889; 5009; 7315; 963; 8226; 3865; 4495; 3080; 1854; 3834
5597; 583; 3018; 1824; 4432; 315; 4101; 6645; 5598; 1524; 7225; 8900; 773; 2355; 5323; 9792; 7332; 1257; 578; 554; 1625; 9926; 8733; 2413; 7754
548; 3271; 5761; 9279; 2102; 3717; 6891; 711; 9969; 1053; 3397; 3153; 4409; 8781; 4476; 2857; 1603; 8630; 107; 6896; 3500; 7847; 3408; 3158
2508; 9035; 9620; 2469; 8754; 1870; 8999; 678; 3870; 3802; 9878; 9876; 4794; 9054; 3982; 7173; 8624; 6773; 5988
1445; 5946; 5392; 7199; 4326; 5048; 4371; 9011; 1671; 5192; 8863; 9652; 7662; 601; 6366
399; 1711; 431; 1206; 2536; 8822; 4064; 6968; 4792; 9193; 8492; 8507; 4928; 6983; 6600; 4577; 8824
4131; 5696; 8590; 1787; 323; 1877; 4641; 4316; 9744; 8144; 251; 141; 2426; 799; 7956; 5281; 8758; 3040; 4192
5453; 4967; 7681; 3553; 7156; 7092; 5602; 5715; 6675; 1058; 4372; 5088; 9324; 4092; 7679; 8403; 3166; 5532; 2180; 4424; 8732; 7212
1422; 7309; 1830; 3884; 7120; 5350; 5367; 5512; 6452; 7496; 8073; 2443; 202; 2164; 719; 3220; 5544; 1394; 1362; 8956; 5530
1029; 3950; 6995; 1184; 906; 1330; 7317; 3949; 6654; 9802; 2671; 3671; 8273; 5625; 6866; 8303; 3509; 3790; 7130; 8018; 3312; 1352
4749; 9980; 661; 6095; 7607; 5819; 847; 9013; 7087; 2632; 1881; 849; 3499; 100; 5753; 94; 6570; 6391; 7688; 1510; 9376
6042; 4333; 3382; 163; 6154; 6934; 7526; 6713; 2920; 1139; 4252; 5030; 1937; 8298; 4322; 5712; 5321; 1406; 6047
8438; 1055; 5949; 5120; 2613; 2500; 5055; 5473; 6444; 1896; 2028; 6897; 7615; 810; 8157; 7003; 64; 9012; 7126; 4917
7394; 4197; 4613; 5587; 2366; 152; 6354; 1622; 3658; 230; 7325; 9336; 3022; 1087; 4915
7527; 1691; 4379; 4414; 2468; 5864; 5562; 2299; 2401; 7635; 9412; 6043; 6838; 8135; 2805; 4592; 3112; 2867; 3948; 3242; 8128; 4785; 721
9424; 7896; 8053; 3502; 4289; 2483; 6567; 7719; 3097; 4487; 5888
8571; 3592; 4513; 3487; 468; 8673; 6103; 1186; 7049; 3005; 7618; 4085; 8186; 4190; 2653; 3610; 6821; 6525
7771; 697; 7645; 7257; 3797; 3396; 3247; 2735; 1227; 1270; 8231; 6768; 118; 2438; 5774; 9053
476; 7322; 7193; 7763; 7160; 3407; 8234; 228; 1801; 8771; 2328; 1479
6213; 2739; 8031; 9647; 1398; 628; 9425; 4029; 6158; 4931; 3856; 1563; 6200; 4591; 4879; 9347; 3619; 8200
5218; 9503; 1379; 1023; 1899; 4459; 9639; 9909; 9866; 5422; 5975; 3973; 9049; 4498; 9718; 1692; 7055; 5385; 5275
1172; 2134; 9308; 7132; 9828; 7490; 329; 8846; 8; 599; 2959; 6365; 6815; 6003; 1632; 3670; 5811; 4790; 1910
7846; 6309; 743; 7213; 349; 8284; 8421; 3009; 2218; 9976; 6971
7860; 239; 3489; 6027; 3013; 6050; 4249; 8686; 9338; 1014; 5051; 3494; 9247; 9604; 7443; 2829; 3714; 7902
5105; 1976; 2402; 3522; 5091; 1579; 9031; 6554; 373; 7773; 1851; 9656; 9150
9116; 6816; 7905; 206; 9650; 6515; 1253; 7665; 9212; 5174; 845; 8465; 4735; 7974; 15; 9009; 9168; 3941; 3449; 2294
9661; 9692; 4918; 8692; 5231; 8022; 324; 8652; 4450; 7856; 2063; 3481; 9478; 2008; 4329; 4318; 2688; 2098
2570; 1742; 8413; 9860; 5643; 2686; 5974; 2129; 5428; 429; 7961; 6953; 7368; 8272; 3085; 40
7096; 3860; 8523; 1862; 9974; 9676; 7224; 322; 9800; 5142; 2275; 3729; 902; 6247; 7450; 6248; 6348; 9968; 5366
9077; 3236; 9851; 3718; 35; 9033; 1403; 7280; 1018; 3196; 1686; 4854; 7925; 8162; 166; 4736; 5734; 6476; 9700
5609; 2067; 3886; 3776; 8616; 566; 3029; 4959; 9161; 5430; 3438; 8010; 5183; 2763; 2901; 8219; 7874; 5517
293; 9720; 5282; 7294; 4145; 572; 1618; 3471; 9349; 302; 5425; 1180; 6426; 3228; 1708; 2382; 5686; 1333; 2822; 5121
607; 6659; 2687; 5795; 2167; 1388; 3806; 8972; 7125; 2575; 3692; 7179; 4556; 1898; 7469
3991; 243; 6732; 5327; 535; 2946; 3257; 950; 6128; 1079; 321; 534; 8079; 1082; 4067; 2926; 4097; 5647; 9008; 6412; 3579; 7557; 6442
1412; 2595; 5070; 4900; 7046; 1825; 8230; 9594; 2526; 4888; 4634; 6932; 6218; 1907; 1371; 4196; 4165; 5887; 7930; 7678
2030; 6766; 706; 7301; 7994; 6691; 8297; 3816; 5217; 3175; 5964; 2719; 4045; 2329; 5904; 3336; 1611; 2424; 2540; 3278; 5846
4301; 2135; 890; 6187; 7154; 5942; 4309; 1812; 5717; 4514; 2374; 5301; 7079; 4907; 6906; 1777; 5617; 3119; 7714
1754; 4759; 6465; 3081; 6883; 7676; 5050; 1917; 2967; 8563; 9224; 5266; 3974; 7148; 5248
3049; 3491; 3784; 9577; 2407; 3778; 9630; 255; 4320; 9778; 5778; 309; 8933; 9550; 6946; 3758; 4236; 7330; 6863; 8223; 194; 5603; 5397; 1164
2858; 1984; 1649; 1148; 9788; 7686; 3644; 3000; 7036; 2717; 546; 5559; 8202; 8878; 595; 2322; 8225
3623; 6753; 3439; 9573; 748; 9057; 3209; 3665; 8793; 9559; 2927; 9302; 4230; 8542; 9387; 9702; 7540; 3332; 176; 9712; 3485; 8976; 5160
7313; 8957; 464; 6228; 5990; 4977; 1344; 7237; 8516; 7495; 551; 7066; 2933; 1277; 5933; 9250; 665
7913; 5361; 7402; 4174; 8982; 3719; 404; 145; 4273; 2816; 7543; 7826; 1068; 9566; 2937; 6920; 8244; 8724
9518; 5287; 644; 3239; 9157; 4639; 7414; 9362; 1789; 3596; 1790; 5257; 3316; 7164; 2230; 3757; 5208; 9698; 7803; 7436; 5365; 1918; 7818; 7741
3888; 8390; 1938; 2949; 8891; 9558; 9575; 8545; 1107; 1306; 4882; 6313; 8310; 4899; 5698; 8740; 4601; 9564; 402; 3989
3517; 3751; 1840; 8025; 5152; 2392; 4547; 4225; 5565; 3229; 3388; 8698; 8357; 4705; 4647; 8798; 563
6193; 484; 261; 5085; 4129; 6439; 5094; 1167; 8742; 4579; 7898; 203; 2248; 7995; 5020; 9381; 8355; 7393; 9290; 9543; 9726
3386; 1700; 103; 9881; 5965; 5723; 497; 4472; 7463; 1588; 1581; 9400; 6343; 2007; 2451; 3425; 5547; 299; 3504; 6833; 4598; 4234
3046; 8381; 5478; 53; 8797; 2817; 2747; 7331; 9169; 4938; 7493; 3143; 6120; 2620; 7521; 1408; 9182; 5533; 9227
4423; 1138; 4253; 4121; 3422; 1714; 8444; 5467
9715; 766; 4119; 6643; 550; 9616; 6719; 6474; 6656; 8672; 4611; 9641; 5940; 4757; 2874; 4171; 3694; 4452; 9821; 98; 6956; 6077; 7083
4549; 8984; 9034; 5651; 6263; 1831; 6785; 412; 3268; 9370; 1262; 5213; 2663; 1701; 6473
3354; 4594; 3192; 2799; 2335; 1635; 8126; 8677; 5752; 9941; 6529; 864; 9996; 5866; 2408; 6477; 3473; 1784; 9836; 3709; 645
8775; 7449; 7357; 2722; 4607; 3128; 4013; 4990; 1404; 6013; 5112; 7070; 1438; 4711; 6086
7685; 2298
2667; 5955; 5029; 1905; 5159; 9477; 1040; 5456; 3245; 953; 414; 8425; 5125; 8621; 8446; 9133; 1749; 1900
4268; 9816; 4524; 709; 3561; 2883; 5764; 8491; 1768; 8593; 8633; 3640; 8361; 9389; 6058; 2904; 3964; 102
7415; 4739; 1487; 2070; 3805; 8362; 6014; 4076; 8661; 6926; 2081; 153; 7706; 2433; 2832; 6246; 9014; 5423; 3632
2856; 4035; 7060; 8864; 6167; 1716; 7594; 5004; 3168; 868; 3115; 1959; 2628; 8420; 9222; 9085; 2554; 556; 800
3568; 6612; 3565; 2552; 4690; 4256; 1582; 1316; 787; 1430; 8582
9865; 3074; 2605; 1114; 3564; 7909; 457; 656; 3244; 2189; 1769; 557; 5854; 3371; 7593; 5162; 785; 463; 4782; 3423; 9344; 7117
9867; 5646; 1178; 2659; 5775; 9887; 3745; 2266; 5134; 6668; 6805; 3084; 8568; 6255; 7644; 517; 8146; 4095; 8970
8229; 6832; 877; 1127; 6451; 9156; 209; 5081; 4036; 8471; 3331; 1358; 9906; 6336; 2338; 5263; 2254; 8885
9001; 7099; 6900; 7076; 1260; 1409; 7494; 263; 9891; 5843; 883; 4616; 2636; 5666; 4202; 750; 5304; 4725
8898; 2450; 4793; 121; 7080; 3620; 3880; 3223; 3411; 617; 6829; 6206; 7361; 6708; 7717; 108; 8346; 9914
3038; 6799; 3429; 1782; 109; 6430; 7998; 683; 1679; 4825; 3578; 9670; 3114; 862; 6985; 8109; 3810; 1545; 2140; 8543; 2994; 7946; 7649; 1665; 4458
7915; 1311; 1815; 142; 936; 8495; 7266; 4979; 9790; 5636; 7268; 6546; 2313; 9405; 2431; 9918; 7621; 9618
502; 9173; 8989; 6079; 9318; 3234; 8708; 9517; 272; 4904; 5074; 6578; 5485
1781; 2876; 5973; 694; 4079; 8380; 8378; 7940; 8478; 4382; 2615; 7053; 1755; 2141; 5309; 4773; 9795; 1245; 2738
1736; 5476; 8452; 4337; 3677; 8341; 5359; 9270; 8151; 9134; 3231; 4009; 7177; 4875; 2253; 6980; 7740; 7581; 6399
2190; 9984; 8997; 6703; 3616; 865; 6781; 9884; 4945; 6521; 9185; 2651; 6564; 7757; 6078; 613; 2648; 2851; 2559
6606; 5150; 3398; 7824; 8548; 5324; 2055; 8058; 9300; 7732; 9032; 3602; 401; 3225; 3581; 9520; 932; 1631; 6358
1463; 4912; 5303; 904; 781; 9172; 1818; 4568; 6290; 2603; 5697; 8923; 631; 5268; 9546; 9596; 2429
9244; 2222; 4644; 1925; 4219; 9482; 6931; 4595; 4681; 3269; 5416; 8192; 4059; 3935; 7749; 2161; 1564; 5246; 9019; 2458
280; 5916; 6153; 5998; 4585; 8115; 7461; 8767; 9439; 1391; 370; 5102; 8258; 3182; 4058; 7427; 7750; 6236
3967; 8960; 991; 9856; 7176; 5909; 4716; 7948; 2370; 8558; 3933; 7358; 4678; 7233
2546; 5277; 5799; 150; 4142; 5812; 3314; 3058; 2086; 9076; 7098; 7559; 4445; 357; 9722; 7764; 704; 3992; 2271
4804; 8772; 9847; 1423; 119; 3237; 8199; 7547; 9853; 2741; 3512; 4940; 7579
7993; 2868; 4670; 6607; 4728; 3409; 1505; 7142; 3796; 2116; 344; 5529; 4944; 6704; 2453; 4501; 2674; 63; 2908
5510; 3649; 7039; 5326; 2547; 6466; 7924; 4811; 9055; 4411; 9236; 7189; 9814; 2239; 7716; 3685; 9569; 6434; 8632; 7782
5630; 7245; 5855; 7641; 9574; 1747; 354; 1431; 7159; 9043; 7538; 6631; 2619; 9669; 5445; 1049; 2538
1584; 6724; 170; 3838; 7069; 1629; 1093; 9717; 1955; 8975; 9931; 6495; 7873; 7659; 2306; 4422; 5751; 1070; 8193; 4205; 2151; 1517; 3969
6356; 5629; 3351; 4433; 8281; 403; 1056; 3585; 9705; 6989; 1669; 895; 5549; 4701; 1211; 4991
7277; 4656; 9545; 8467; 8882; 2801; 8153; 5479; 1674; 9683; 8251; 705; 2021; 4088; 3998; 6624; 2206; 6962; 1590; 3142; 5499; 7151; 2533
922; 6083; 4560; 6437; 4816; 5145; 4683; 2039; 9221; 3511; 1348; 88
6085; 3742; 8985; 2017; 4922; 7259; 5984; 2472; 9981; 7507; 9280; 7191; 7849; 9580; 6660; 6641; 4306; 2705; 5302; 4878
8102; 1985; 8756; 9978; 1061; 2388; 8345; 5614; 5749; 6316; 9443; 9819; 5782; 2114; 8529; 7422; 4770; 3109; 7438; 8294; 5412; 4755; 9806; 8911
8910; 6049; 3627; 8035; 183; 7390; 6373; 1941; 8178; 7188; 1694; 9319; 1010; 9399; 8482; 2984; 6288; 3020; 2144; 6990; 3947; 5295; 4669; 346
3399; 9468; 2638; 8160; 1110; 5673; 4902; 303; 6969; 9675; 2942; 8728; 3019; 2054; 8836; 6726; 974; 5262; 9463; 4416
7571; 988; 4587; 6776; 3276; 1971; 1587; 9061; 5250; 9960; 5652; 4729; 1942; 1919; 4892; 3531
9771; 8494; 466; 4061; 9481; 1927; 7239; 5881; 8270; 3607; 1181; 470; 5802; 9104; 467; 8847; 3392; 1574
8830; 9364; 3187; 2661; 1811; 4006; 8093; 5577; 3047; 122; 161; 2279; 3979; 8647; 2386; 8679; 7842; 126; 1561; 5414; 5848
9126; 6601; 7664; 7043; 4163; 7765; 5957; 2668; 6438; 4697; 834; 9990; 5747; 5944; 8027; 5001; 4147; 7709; 8026; 2251; 4133; 8573; 335
9868; 5373; 2090; 8966; 1947; 7516; 6625; 6807; 1357; 1204; 7967; 3174; 9120; 9039; 9326
5038; 8725; 5375; 73; 4522; 3963; 2150; 4981; 6987; 2297; 5336; 9826; 6769; 8453; 4178; 3428; 1483
3770; 1764; 158; 3715; 5954; 4529; 5027; 5448; 8802; 8412; 8819; 6535; 7830; 1791; 7458; 6285; 1119; 7118
6137; 8037; 5926; 2701; 3108; 3868; 2877; 6096; 5708; 4474; 5071; 6010; 5514; 275; 4734; 1205; 6378; 3148; 5082; 776; 9711; 2371; 3102
3731; 7951; 8183; 933; 8427; 6359; 7561; 9584; 8376; 7673; 9416; 4448; 3181; 6973; 6604; 4913; 9434
1134; 9089; 2456; 2919; 7522; 5193; 1242; 5313; 2262; 7336; 6742; 573; 9681; 6408; 9258; 4763
7362; 4254; 4383; 688; 4063; 2495; 8136; 884; 6849; 2166; 5857; 6975; 7569; 712; 2145; 7545; 4947
7236; 4691; 3341; 4741; 453; 9648; 4838; 7991; 814; 1124; 2669; 3905; 5276; 9213
5279; 1015; 3230; 2528; 1115; 1929; 1827; 455; 266; 435; 6073; 3605; 6797; 4115; 4702; 5524; 8950; 805; 5594; 9638; 8012
7500; 643; 6112; 8665; 9431; 6075; 1080; 6536; 701; 6623; 8095
7184; 6634; 634; 9472; 8216; 6219; 4349; 8785; 6763; 7473; 9325; 4295; 7264; 3147; 5878; 2463; 8969; 620; 925; 2202; 6067
8737; 5882; 9910; 6423; 7809; 4896; 3294; 9359; 2154; 5879; 4436; 4457; 3903; 6581; 9645; 3661
9799; 6113; 3391; 7382; 317; 6531; 5444; 2647; 7858; 7923; 2473; 6520; 1697; 331; 6334; 8038; 295; 9537
6045; 3713; 733; 9123; 6269; 3516; 6803; 3716; 2556; 9903; 8499; 8613; 9930; 739; 9872
343; 4235; 3820; 4352; 8656; 763; 360; 4863; 3340; 9542; 3779; 9457; 9046; 5035; 3910; 5905; 8416; 770; 3999; 3035; 6240
8706; 8808; 3030; 4844; 7306; 5635; 8161; 2031; 6842; 1508; 7448; 5589; 2064; 4488; 4964; 4561
8203; 4144; 5103; 5641; 8409; 6015; 611; 5119; 5424; 3373; 8433; 3495; 2618; 6653; 2106; 9328; 2627; 2583; 2594
8347; 7000; 2264; 61; 1449; 516; 3613; 9097; 7560; 7910; 3125; 8286; 2136; 1567; 4671; 6566; 4680; 7440; 3923; 5492
9635; 1446; 948; 4410; 3839; 4152; 5880; 507; 159; 555; 3432; 7722; 9706; 2221; 4392; 7338; 3367; 3352; 3328; 5464
1928; 9908; 2041; 8071; 7106; 7377; 8460; 9101; 9022; 2612; 5335; 9538; 9824; 1353; 3295; 1501; 9371; 3374; 9962
4407; 8536; 2545; 4365; 9068; 3034; 7420; 7668; 4814; 2399; 1258; 8078; 2960; 6892; 3744; 9582; 1596; 5746; 3598; 9378; 2400
1094; 1967; 9688; 5969; 6680; 7435; 188; 4344; 8293; 1021; 8269; 6728; 2003; 2744; 8682; 8680; 5189; 4482; 8761; 3366; 7355; 411; 5254; 9004
2773; 25; 3747; 9052; 2957; 7628; 3764; 6826; 7520; 7366; 7340; 4987; 4897; 42; 4684; 6929; 3733; 6289; 5950
139; 2390; 3178; 4767; 5522; 8974; 1961; 6383; 1359; 4713; 6109; 7174; 2872; 9905; 9570; 5883; 8267; 5170
6522; 6132; 3883; 5012; 5591; 5781; 1109; 2084; 8472; 9003; 2240; 7425; 4590; 1724; 2704; 1662; 5623; 2510; 6145
3290; 2006; 1809; 3364; 4046; 5201; 1744; 8755; 515; 1924; 2139; 7374; 2378; 7175; 4157; 6555; 2827; 9544; 625
8873; 6185; 7863; 4808; 8000; 5592; 1670; 1766; 7553; 7234; 2369; 1655; 6749; 2574; 2121; 6947; 6277; 4103
5634; 9805; 6025; 4538; 3100; 2548; 6642; 6696; 4872; 4722; 506; 3760; 4515; 6687; 1488; 5816
29; 6981; 5363; 8348; 6831; 2736; 5891; 7240; 2310; 4124; 5305; 5406; 2891; 8636
6177; 8869; 2268; 960; 3890; 1528; 4751; 8274; 7562; 6243; 2428; 807; 6299; 7525; 9680; 6716; 6904; 3326; 3780
7147; 8211; 8299; 5711; 4160; 353; 5593; 4824; 5765; 1913; 6347; 5845; 2053; 7445; 5902; 1637; 1690; 603; 6943; 9631; 9486; 897
9817; 2204; 3634; 7964; 4997; 4039; 5694; 5700; 530
2457; 3728; 4687; 8964; 1225; 5798; 5804; 8145; 9391; 9106; 5959; 3855; 7284; 1664; 187; 4412; 2305; 9360; 5519
7825; 3754; 3800; 3043; 2558; 8541; 2597; 5511; 7742; 2486
9342; 6198; 2411; 2550; 9181; 3353; 8154; 3638; 1302; 8476; 4354; 7052; 82; 6860; 2395; 1770; 9885; 3288; 5663; 6322; 2259
6161; 9933; 744; 4455; 7078; 6002; 6835; 7584; 1347; 2179; 4012; 4480; 6318; 1318; 1048; 8703; 1017; 1246; 881; 314
7470; 1926; 1369; 2107; 6403; 2723; 9947; 2083; 4189; 6960; 5205; 3050; 6693; 4342; 6060; 3026; 8469
2258; 9353; 8902; 5667; 4328; 9480; 6216; 9598; 2534; 6080; 3682; 7312; 4593; 1000; 6984; 396
6287; 4518; 6941; 3545; 8681; 5858; 4377; 269; 6952; 8496; 1507; 4558; 9533; 3202; 8108; 8266; 1785; 5770; 5167; 526; 2026
7208; 4908; 7564; 8116; 9393; 5261; 7949; 2893; 8871; 3924; 9804; 8329; 9995; 4183; 7907; 5442
4972; 4932; 1615; 2936; 3004; 285; 9528; 7701; 6508; 5523; 741; 1722; 5221; 3508; 3456; 6259; 6994; 2059; 6593
2403; 4905; 9460; 821; 5936; 4340; 1547; 8521; 5209; 7745; 9358; 8289
7244; 7404; 816; 9667; 9355; 6380; 9368; 4796; 3110; 1712; 8615; 8083; 795; 3238; 1998; 7251; 9442; 1895; 3385; 8148; 1676; 962; 9081; 260
2598; 6586; 6028; 5860; 1154; 4659; 5278; 1272; 3419; 9982; 2014; 26; 5993; 5927; 2184; 2160; 7308; 3091
1595; 3197; 7004; 9266; 2419; 5226; 6340; 7729; 9311; 5186; 9017; 3337; 1763; 1677; 9374; 5110
9935; 6422; 1776; 495; 559; 2786; 1538; 8685; 3844; 7653; 7975; 8233; 2175; 4826; 9275; 7168; 1871; 4087; 6734; 8013
7116; 5776; 3655; 9276; 8370; 908; 2405; 5482; 5347
8854; 17; 8176; 6725; 3041; 6877; 3656; 8016; 846; 5886; 6503; 6893; 9428; 5235; 8468; 2467; 5391
1022; 8005; 83; 9695; 5137; 8600; 8540; 356; 2644; 169; 2132; 4264; 5364; 388; 8340; 3284
6478; 5488; 3235; 1155; 9997; 2162; 3921; 8770; 3990; 78; 5210; 3498; 3725; 2123; 2287; 3955; 618; 7718; 5914; 8218; 6930
4828; 6565; 1475; 591; 4435; 3071; 5875; 7816; 2771; 4858; 9426; 6126; 9835; 6595; 4586; 9470; 8249; 9965; 4806; 9547; 6979; 3056; 3261; 8246; 994
3911; 6711; 6227; 8241; 5897; 5701; 3372; 479; 4805; 1693; 5817; 8213; 3907; 6034; 4182; 6278; 8780; 5683; 2127
6483; 4228; 3032; 1413; 691; 1548; 4265; 1473; 465; 6057; 9633; 626; 903; 5338; 9838; 3878; 7228; 9137
9597; 4887; 1054; 5868; 9794; 8958; 3831; 3980; 3315; 8309; 6738; 6752; 1872; 2585; 59; 9233; 2989; 3092; 7736; 5393
5726; 6918; 934; 5439; 4636; 5181; 1717
832; 839; 6059; 5852; 7370; 5241; 6480; 2580; 3424; 8642; 7937; 3537; 1307; 2524; 9187; 3212; 3925; 2713
8897; 8953; 3184; 3338; 2888; 381; 6106; 6590; 2818
5935; 8227; 3889; 1416; 1892; 9377; 1883; 3232; 866; 1772; 2336; 8080; 9131; 8879; 6304; 8458; 7011; 9051; 7491; 2267; 995; 4849; 3410; 4754
3149; 8845; 7728; 6889; 4331; 2900; 6907; 4355; 9815; 3945; 9617; 793; 7973; 9024; 5849; 8866; 6933; 8062; 9505; 4251
3687; 6107; 5928; 8627; 450; 9214; 531; 2506; 7426; 1636; 752; 2607; 5741; 3686; 9786
2157; 1973; 6339; 1472; 7017; 462; 7617; 2062; 8580; 2339; 451; 1820; 6616; 3771; 7695; 6021; 7241; 6127; 1281
4764; 2694; 6196; 4809; 9397; 9091; 3981; 2172; 1594; 5725; 2887; 8676; 8315; 6072; 4413; 7839; 5356
7342; 7467; 2581; 4573; 2397; 1199; 8002; 3249; 8697; 8583; 6698; 6731; 5500; 9714; 8807; 9395
6411; 2058; 4795; 2332; 5661; 4444; 3260; 9403; 5418; 3899; 6115; 1237; 8753; 7031; 6429; 4682; 560
1011; 477; 2281; 4393; 1030; 2501; 3317; 1099; 7746; 623; 2760; 4057; 3823; 10000; 8769; 7922; 714; 9292; 3828
6461; 3768; 8643; 9090; 4569; 2280; 2269; 2676; 2476; 1974; 9735; 8920; 7851; 7514; 258; 5985; 1063; 4723; 6812
5548; 1821; 8592; 9119; 1963; 4122; 181; 1161; 8637; 4876; 1536; 6986; 4011; 5678
7872; 4788; 7464; 7724; 5328; 4486; 5727; 6615; 3525; 1207; 5910; 5837; 653; 9469; 47; 9767; 4158; 471
6197; 4146; 8983; 794; 8639; 7417; 2223; 6765; 2794; 8805; 1847; 5345; 7575; 6686; 1128; 8332; 5095; 4843; 84; 8402; 416; 4946; 267; 5265
9479; 8247; 9893; 1997; 9507; 1209; 4418; 5008; 5072; 6071; 8415; 4952; 2590; 129; 9810; 4963; 4539; 6398; 3942; 371; 7933; 8537
2005; 1956; 5823; 6787; 1718; 1275; 1613; 3195; 5911; 4777; 5272; 7298; 7769; 9904; 3818; 9753; 7629
6694; 833; 8133; 4053; 4464; 7102; 271; 6459; 4257; 3072; 2848; 9972; 6760; 5705; 4618; 3732; 667; 3882; 3846; 5649; 480; 8044
5679; 8074; 730; 843; 3908; 9064; 3497; 3852; 8912; 674; 8919; 5267; 3944; 5383; 6401; 8736; 717; 8066
4263; 1334; 282; 9579; 587; 9297; 4832; 9760; 2409; 5283; 8450; 2439; 6074; 5153; 2311; 956
8220; 1645; 3377; 1411; 6801; 2340; 7140; 7201; 4447; 6133; 6490; 2092; 3482; 225; 6417; 9637
9114; 4140; 9289; 1861; 5610; 8008; 5104; 7229; 8334; 5306; 3460; 9932; 4968; 4853; 938; 2295; 3435; 5144; 8707
4271; 8417; 9679; 8485; 2846; 8352; 1051; 3240; 593; 6009; 2418; 7367; 5489; 8603; 7349; 1695; 3086; 1136; 6377; 307; 3444; 4911; 2255
6888; 7624; 481; 5329; 7023; 2257; 4891; 1297; 3594; 3333; 220; 3866; 3063; 2272; 7006; 8727; 1542; 765; 6632; 6587; 8236
4950; 3513; 3666; 3077; 8937; 2850; 7074; 2870; 112; 7787; 2282; 1557; 4746; 6440; 1269; 7316; 5932; 8480; 2677
6584; 3270; 8208; 3743; 8927; 4845; 9642; 1396; 2080; 2730; 342; 5633
1319; 9219; 2998; 7900; 1280; 1223; 7886; 1216; 5063; 4400; 6363; 4233; 9640
9188; 4478; 8324; 2859; 9514; 5924; 1077; 8704; 7068; 1732; 4304; 633; 2813; 5604; 7708; 4995; 6379; 5821; 2353; 4162; 2099
9323; 2364; 5962; 8963; 6540; 1932; 2974; 5895; 686; 4870; 3051; 4089; 5687; 1957; 7840; 1619; 6353; 9140; 3922; 3190
4676; 3356; 4544; 3503; 2236; 6447; 5143; 9754; 7281; 876; 4298; 8304; 7883; 2497; 2979; 2522
9286; 9288; 9896; 9231; 8323; 6909; 8414; 1640; 7934; 544; 1221; 5739; 9643; 1657; 43; 3273; 2990; 8795
4167; 4461; 9952; 3299; 5669; 5664; 5551; 4619; 7627; 234; 9875; 8389; 1786; 8870; 7513; 8314
8569; 9143; 1482; 2544; 1444; 9592; 4299; 3515; 441
6608; 3755; 5754; 2307; 9710; 2787; 2793; 9464; 840; 2082; 7432; 3863; 6022; 3064; 91; 1882; 3674; 5477; 2224; 5115
7817; 1518; 9861; 375; 675; 8977; 8881; 9567; 3436; 3916; 8853; 4040; 3809; 4629; 1170; 7282; 2320
2812; 6055; 4000; 7194; 8906; 700; 2263; 6286; 6736; 5220; 9145; 1555; 3893; 5791
5680; 3384; 1283; 1489; 7457; 7639; 7677; 8296; 9890; 9210; 8786; 2986; 3248; 5766; 7599; 3014; 7945; 3756
1934; 5612; 8714; 9194; 3325; 6351; 7979; 5867; 8280; 2660; 5779; 320; 3792; 1165; 1753; 9864; 3285
4032; 4405; 3300; 3542; 7104; 2209; 9728; 3741; 3282; 7737
4820; 5518; 3710; 405; 6041; 2117; 942; 5648; 7919; 3690; 2391; 4572; 3550; 6272; 5505; 6851; 6396; 1188; 2807; 1470; 9551
5396; 6524; 9850; 7756; 8317; 3216; 3559; 5468; 8503; 7531; 6948; 3815
3179; 7710; 8683; 4674; 1514; 6189; 6669; 7901; 3163; 4099; 2459; 9237; 7772; 6011; 9973; 1526; 7162
6809; 2050; 6245; 5863; 231; 6908; 8488; 1806; 2748; 9206; 130; 4387; 1783; 5123; 8327; 637; 9142; 2056; 2665; 1317; 4086; 804; 4812; 2725
8848; 3673; 512; 7204; 3183; 1602; 6958; 6280; 666; 1198; 8201; 2466; 5818; 2929; 8431; 6191; 6173; 4956; 117; 9622; 1713; 8164
913; 1639; 6596; 4019; 9708; 965; 7153; 789; 5773; 133; 9924; 6783; 3028; 5740; 1598; 7680; 6192; 2843; 9178
689; 8371; 6138; 6415; 8050; 6648; 9607; 3165; 4055; 6273; 5620; 4551; 6628; 6275; 5907; 5893; 7217; 1003; 6853; 6848; 6352; 5655
8796; 671; 389; 7045; 9658; 780; 8302; 4302; 8867; 2110; 8946; 1863; 8205; 9283; 5918; 2909; 9699; 2312; 9603
2886; 524; 8344; 2521; 4720; 4852; 2346; 5155; 7941; 1873; 769; 219; 6820; 809; 6876; 5331; 997; 2754; 2201; 361; 6462
722; 5093; 3813; 1092; 753; 9406; 8434; 2186; 9062; 57; 7780; 2921; 3483; 2992; 12; 5148; 3193
4180; 287; 4319; 2995; 2018; 619; 3221; 9278; 13; 927; 3169; 4049; 4321; 8917; 5190; 1315; 2200
3750; 6431; 1313; 174; 5239; 1467; 5987; 1999; 6262; 4827; 2115; 5426; 565; 4694; 1858; 5898; 695; 7048; 4315; 1682; 5738; 2824
6435; 8163; 4175; 3378; 9433; 1551; 5840; 4425; 1796; 237; 218; 2879; 7181; 6421; 7638; 5138; 9624; 6311; 1300; 2761
2563; 6879; 992; 3873; 2182; 9530; 4520; 8384; 191; 5553; 8322; 4771; 7215; 1088; 4910; 6967; 5228
3387; 9259; 606; 7841; 4643; 3078; 8827; 685; 1213; 8152; 1304; 7149; 4074; 9898; 6239; 7906; 6292; 6919
3527; 5832; 2549; 6997; 6020; 1425; 7744; 8998; 1894; 8762; 9770; 9030; 4469; 1327; 6561; 5724; 6516; 3799; 4937
1132; 6346; 5494; 7296; 242; 571; 575; 6650; 1707; 3430; 3842; 7777
690; 8253; 1230; 7510; 6231; 2961; 2326; 9410; 762; 844; 2666; 6846; 4856; 9086; 9203; 3829; 8564; 9993
2226; 7984; 1756; 6875; 9992; 1541; 4381; 2289; 1698; 6284; 7044; 9855; 6837; 8699; 7935; 5202; 7248; 9955; 8721; 8586; 742
7952; 3076; 3413; 7730; 2720; 9105; 5820; 6647; 5454; 8406; 1176; 3475; 3746; 6149; 1286; 5117; 7065
8837; 486; 2838; 567; 3904; 8283; 2146; 7953; 5732; 8112; 586; 5077; 967; 6165; 8404; 1407
9072; 8184; 4562; 848; 2837; 7546; 6665; 8210; 6767; 2586; 9402; 3094; 2219; 7815; 3036; 5656
4334; 7642; 2592; 9581; 6532; 6087; 2256; 3054; 2013; 8625; 1836; 378; 5061; 7085; 2842; 9495; 8441
1420; 4224; 9751; 3039; 8941; 9742; 1737; 8855; 5340; 921; 5771; 1231; 3136; 6297; 1052
1289; 4385; 2416; 496; 9322; 7063; 9201; 7524; 5333
7715; 3308; 8423; 1133; 7260; 9018; 6912; 90; 8064; 7555; 440; 8790; 5207; 2718; 1120; 5621; 6463; 7870; 7324
3822; 9956; 6202; 2327; 9220; 4797; 1462; 8194; 3167; 6527; 6770; 9897
1244; 9755; 2965; 6307; 7397; 2038; 8711; 6778; 1322; 4077; 291; 3892; 1534; 2939; 7944
5158; 7833; 7144; 4378; 8447; 7187; 2414; 5890; 7465; 4206; 5977; 2373; 7603; 5237; 1278; 3274; 779; 7460; 3722; 6204; 7343
3357; 4550; 4419; 900; 5876; 9199; 1248; 1866; 7752; 7866
1550; 4576; 6795; 8500; 508; 9230; 836; 7799; 8829; 878; 3557
7207; 8301; 9249; 1365; 1122; 684; 5031; 3894; 4831; 3972; 9366; 9882; 8015
9523; 5790; 4511; 9787; 8455; 2066; 6155; 7480; 5083; 6328; 7590; 6344; 9665; 4631; 5839; 893; 2446; 5394; 5465; 8760; 1452
5372; 8149; 257; 5613; 4614; 4120; 2892; 5695; 2274; 3210; 2782; 784; 2835; 3703; 9780
76; 9629; 1354; 5180; 9465; 2897; 2642; 2562; 7247; 7536; 2804; 8456; 1560; 5344; 7821; 1166; 8138
5637; 3458; 9678; 6963; 8738; 9459; 9066; 8948; 1197; 2606; 3176; 5024; 6504; 928; 2834
4117; 2207; 6392; 5814; 1459; 758; 9248; 7891; 1979; 3701; 2487; 2089; 7275; 1240; 2319; 37; 4005; 9922; 978
7812; 6626; 3414; 4660; 426; 5574; 6582; 7075; 9240; 9845; 6937; 9721; 3233; 7185; 9677; 817; 589; 7054; 5596; 2513; 6470; 3781
4367; 3680; 4042; 2950; 8555; 577; 924; 8139; 3507; 5224; 5486; 4070; 6090; 5399; 3957; 3597; 6751; 2955; 8990
8744; 7614; 4034; 3582; 1071; 8065; 5339; 1519; 2111; 6871; 8129; 3379; 1589; 4623; 9736; 8508; 7139; 5374; 9519; 8811
1370; 8696; 7348; 5290; 1839; 264; 1819; 7577; 5827; 2243; 5660; 2126; 8992; 6622; 8735; 8300; 9110; 7869
3639; 9626; 2283; 1428; 1723; 4168; 9312; 4696; 5995; 5126; 4281; 7129; 8342; 4989; 7908
9756; 182; 5892; 4921; 9263; 2681; 6530; 4169; 641; 3045; 1250; 6038; 783; 9998; 2314; 9611; 7010; 1356; 8250; 736; 9316
8032; 9385; 8068; 8628; 7012; 3724; 5856; 4368; 2518; 4426; 4023
9005; 9858; 7533; 8634; 8442; 7583; 4650; 9217; 2181; 9774; 9729; 2624; 3662; 8459; 3584; 1923; 1885; 7169
3134; 8939; 1363; 1239; 2260; 1874; 6894; 5440; 5611; 7328; 8473; 1571; 9390; 6283; 6542; 5728; 3226; 735; 284; 539; 5184; 8240; 5130; 2147
6110; 9900; 86; 5032; 7768; 154; 348; 1949; 4292; 8490; 9939; 4159; 4443; 2159; 9830; 4540; 336; 4609
6051; 8515; 6443; 5435; 6469; 8204; 1152; 2945; 3006; 6118; 6244; 4449; 474; 9273; 9180; 1720; 2567; 1118; 8587; 4566; 6794; 3723; 2210; 9738
5307; 9317; 9985; 273; 1663; 4305; 46; 4901; 5937; 1570; 9372; 3405; 3753; 7703; 1031; 4283; 3749
6635; 7591; 7186; 8107; 2213; 7811; 4380; 9282; 4855; 7947; 3055; 7880; 4638; 5151; 3107; 9602; 1086; 7989
2492; 9435; 2740; 254; 896; 8938; 2640; 6069; 1067; 8189; 6203; 4496; 7386; 1429; 4803; 9950; 2044; 4132; 7084; 1496; 482; 8364
2906; 6375; 6116; 5398; 134; 6367; 1485; 5006; 5451; 3931; 1027; 7273; 8090; 7623; 6899; 5831; 5899; 6576; 7029; 1490; 1729; 8398; 4312
6320; 1709; 2375; 1141; 4030; 8678; 4215; 2557; 4774; 9857; 5449; 20; 4527; 3415; 1343; 1915; 6281; 5920
4986; 693; 6004; 792; 6467; 2330; 6134; 6371; 2345; 725; 9304; 7501; 1466
3227; 3068; 1006; 8915; 1849; 2095; 2112; 9041; 4022; 4366; 4481; 8085; 9913; 6370; 7008; 4060; 4479; 2699; 3994; 8978
9038; 2436; 2091; 2792; 8437; 7211; 4327; 5461; 9417; 961; 1556; 4267; 501; 910; 7405; 1965; 7801; 5376
7451; 1111; 8896; 7596; 9730; 3691; 4033; 3126; 9225; 7489; 1435; 8631; 7484; 6350; 2683; 111; 7064; 7293; 3867; 9599; 1384; 2702; 6388
7747; 5058; 3854; 7115; 6341; 7881; 6775; 7888; 3954; 4317; 1607; 3361; 3426; 7595; 3650; 9961; 6264; 6911; 1703; 4093; 2215
801; 4226; 318; 1105; 6664; 189; 3486; 9466; 7865; 5834; 7038; 4015; 870; 7033; 4548; 3902; 1117; 9659; 2882; 8752; 4732
2662; 4532; 4533; 7371; 4323; 8654; 3116; 8932; 6068; 1229; 4846; 3277; 1593; 3881; 9122
6405; 4536; 9671; 8158; 943; 8368; 4698; 6977; 7022; 9255; 3668; 5628; 8988; 3614; 6279; 7363; 6722; 4475
1715; 1509; 2890; 8952; 2608; 698; 8191; 968; 1299; 4526; 3849; 5606; 5835; 7346
6688; 2727; 4953; 9529; 5299; 9963; 4847; 8235; 3042; 6146; 7897; 9063; 7871; 4883; 6510; 8374; 2869; 2196; 4186
5915; 3653; 975; 7150; 4948; 8799; 8076; 4277; 4255; 3159; 9356; 9407; 5685; 5688; 2978; 8888
1752; 8684; 1633; 8047; 9927; 2774; 5234; 8479; 1493; 4665; 5288; 3711; 1765; 7832; 2864; 6210; 8367
917; 9632; 2911; 5722; 4841; 8320; 2512; 6936; 2212; 2176; 7418; 6061; 8394; 5755
4477; 6810; 313; 5370; 3383; 5537; 8069; 1293; 9196; 8248; 6898
8527; 1762; 5657; 9707; 3506; 3934; 6141; 6482; 1993; 8872; 1004; 6369; 9849; 9502; 352; 10001; 525; 5065; 6982
6457; 5921; 2048; 9813; 4700; 5989; 4454; 4772; 3906; 5354; 4765; 6677; 9118; 640; 31; 135; 6865; 6895; 8084; 5042; 7558
4408; 5284; 9346; 2308; 5197; 3697; 1808; 4753; 3793; 7081; 4822; 7360
520; 879; 6792; 235; 2503; 5318; 9027; 2591; 4648; 5956; 5178; 8382; 3330; 2097; 4817; 7114; 6175; 8024
5552; 9937; 5953; 198; 6884; 81; 5420; 4667; 9441; 2966; 5877; 2894; 8288; 9413; 3547; 1643; 6294; 9422; 3785; 4279; 5113; 6260
8605; 9332; 7727; 889; 6502; 7791; 7498; 9103; 9191; 8739; 7503; 9020; 6951; 7682; 1177; 3615; 6433; 1443; 9432; 5913; 4240; 4259
1852; 608; 5801; 9554; 6572; 3739; 561; 9369; 8766; 1634; 491; 3997
6705; 5161; 6741; 3008; 1474; 1460; 4865; 5889; 3996; 483; 4003; 7206; 6329; 6349; 3737; 755; 6651; 4113; 5377; 8865; 1891
6256; 8731; 49; 6828; 2193; 5730; 9445; 391; 9646; 5900; 971; 9734; 500; 9461; 3007; 427; 1476; 5023; 9163; 4062
2873; 6754; 4390; 745; 3461; 9383; 4954; 7219; 7800; 6368; 5177; 4768; 8914; 277; 1580; 9059; 3431
4308; 9239; 9048; 6916; 7643; 9392; 6942; 3734; 518; 5528; 6573
3463; 2199; 499; 764; 6376; 8237; 1417; 1469; 9021; 9796; 4497; 1454; 5487; 2349; 6131; 5503; 2227; 8531
6544; 5127; 9684; 4004; 3348; 3359; 2985; 3864; 8695; 5149; 7690; 987; 3267; 359; 2755; 3087; 4570; 1273; 7339; 2643
9241; 5322; 3968; 2964; 5252; 3457; 7026; 9942; 2797; 2047; 1970; 2246
2376; 4310; 7707; 1113; 8439; 3488; 3344; 659; 6209; 8105; 7051; 6636; 9448; 9506; 8908; 8757; 7887; 3160
377; 9159; 8312; 6917; 3562; 8120; 4247; 1335; 3896; 2380; 5188; 9743; 7454; 9916; 2105; 9411; 1095; 6811; 5015; 1803
7103; 1735; 2696; 4914; 6037; 2318; 6094; 5709; 4942; 312; 2228; 4293; 3215; 9386; 9107; 2830; 8041; 9560; 873; 2343; 5568
830; 3667; 9750; 3808; 3023; 8669; 2756; 2733; 8291; 2485; 8245; 8763; 6560; 3017; 2601; 2170; 6142; 6756; 6251
410; 4960; 4507; 8359; 2791; 7831; 3465; 6855; 5658; 7411; 1261; 4338; 9006; 2692; 9578; 9915; 1121; 8701; 4733; 22; 7848
7544; 4988; 6156; 7671; 1797; 3069; 4376; 6681; 7279; 8330; 8321; 3266; 4801; 7797; 7088; 34; 7838
6306; 7209; 7172; 7535; 9309; 9154; 9745; 1341; 2634; 151; 2475; 2461; 2970; 97; 3474; 4603; 472; 7532; 9488
8318; 4877; 4139; 2484; 4919; 3552; 2188; 1549; 6357; 5622; 9079; 156; 6335; 8607; 8276; 7433; 2238; 855; 1981; 5165
8689; 2415; 7110; 6099; 379; 3289; 5433; 5672; 8060; 3833; 6707; 67; 7792; 7365; 6802; 92; 6125; 4886; 9265
4930; 8851; 4470; 5527; 4557; 4523; 509; 600; 3609; 6682; 786; 8892; 5040; 7738; 6497; 8054; 8454; 8328
4083; 14; 1096; 8169; 6017; 9709; 8629; 9087; 7286; 6062; 5982; 761; 6534; 1135; 4781; 3241; 3927; 2214; 2478; 4581; 8585; 8113; 3678; 1202
6618; 5045; 5919; 394; 3185; 8285; 1675; 8498; 5371; 926; 8664; 350
9365; 3199; 1968; 5872; 2902; 4704; 6939; 8313; 3402; 6250; 5382; 8055; 380; 6509; 2658
4868; 3898; 5007; 1268; 9298; 6782; 7235; 6588; 1305; 8601; 8764; 3262; 6762; 5135; 8166; 8077
4673; 4141; 3122; 9768; 1668; 8290; 2600; 2551; 2103; 6143; 192; 36; 8942; 1169; 6761; 6224; 6170; 6487
4837; 4859; 7646; 3794; 3533; 8039; 9189; 651; 9141; 5415; 223; 1673; 6526; 5092
7388; 8916; 7403; 3835; 2073; 7062; 327; 6758; 9775; 2404; 5952; 2788; 9747; 3858; 8335; 9446
224; 9601; 1884; 9703; 6996; 4651; 5690; 8484; 5296; 5466; 3962; 5166; 8197; 6857; 8275; 2993; 6913; 7255; 632; 5381
610; 7700; 3309; 7009; 6188; 5759; 2317; 448; 6788; 6870; 3327; 4404; 5813; 6254; 2573; 9252; 5599; 3194; 8986; 9999; 9204; 1930
7318; 5154; 756; 8905; 6489; 5912; 8925; 716; 1667; 2840; 8104; 724; 2530; 408; 276
3895; 3001; 6798; 4106; 5351; 1251; 9130; 8132; 1440; 8710; 7790; 6729; 1822; 8252; 5300; 5720; 8561
8570; 8137; 3322; 1775; 6319; 7261; 4212; 7326; 2158; 8668; 5483; 328; 867; 2480; 2128; 1301; 8518; 2700; 7723
7931; 168; 9124; 6169; 9612; 7589; 4637; 958; 2698; 68; 8187; 2442; 6957; 8971; 8794; 2168
9339; 1019; 4008; 213; 4502; 6387; 1601; 614; 7634; 5638; 8081; 8804; 2789; 8973; 8140; 5349; 1920; 2001; 6927; 127; 5169; 4370
2519; 7978; 5411; 1381; 9541; 6885; 857; 6225; 2229; 9361; 424; 1987; 681; 8539; 8042; 7134; 137; 6706; 4261; 7733; 4604; 2430; 1450
9209; 605; 1194; 6404; 4975; 3131; 8835; 8717; 9655; 2862; 1779; 7482; 3528
9527; 5249; 6114; 6640; 4588; 5526; 7383; 7314; 772; 1196; 9394; 4756; 9664; 3763; 9946; 6215; 8749; 5793
9522; 7222; 9557; 8209; 2896; 8591; 1751; 3700; 7442; 2233; 8792; 5368; 9957; 7958; 2656; 4677
5783; 6518; 3593; 2646; 2714; 5087; 2155; 4193; 3705; 2684; 9843; 1492; 1958; 1235; 1360; 7504; 443; 8993; 7131
9727; 4971; 6029; 2360; 8087; 3401; 2578; 1850; 4266; 9234; 9532; 5179; 9694; 2057; 1860; 8774; 9202; 186; 4543; 2325; 827; 7090; 2379; 2192; 7819
3825; 9989; 2464; 7980; 4100; 3624; 8100; 3324; 8667; 5096; 9069; 4096; 4437; 3335; 9190; 6547
6764; 7459; 5490; 8033; 4041; 5504; 2952; 5229; 9501; 4438; 5571
9958; 2712; 5357; 6619; 7549; 1116; 822; 9889; 909; 1372; 7619; 6814; 7337; 7512; 774; 7072; 7658; 7530
7697; 796; 7372; 51; 4339; 2826; 4769; 5352; 1101; 782; 9912; 2016; 7705; 4403; 4207
2962; 1876; 6629; 1569; 7230; 3015; 2972; 7652; 9108; 6252; 8426; 9102; 9444; 919; 2650; 5455; 4294; 1624; 5972; 553; 6993
1007; 4727; 5917; 4499; 2996; 8645; 7093; 3618; 2614; 7283; 5291; 1944; 5884; 7327; 6007; 7396; 1243; 5028; 8175
6850; 9176; 5601; 9783; 8373; 7091; 6001; 1544; 2928; 9471; 8987; 274; 6234; 7698; 160; 6671; 798; 2811; 5222
6633; 9634; 1238; 8356; 6182; 5211; 5355; 552; 3293; 6436; 887; 568; 454; 9306; 1823; 4709; 4984; 8745; 2568; 6841; 1002; 4857; 2617
6652; 1274; 5569; 5253; 6954; 1867; 5216; 4679; 5018; 1748; 6152; 2673; 990; 4552; 2915; 9917; 7040; 7299; 4815
478; 7272; 3075; 4396; 6150; 7288; 6747; 639; 3206; 5256; 3727; 3362; 6637; 5280; 9449; 9556; 999
3875; 8602; 3310; 5060; 9723; 9487; 9456; 6955; 9313; 2247; 6; 7739; 2454; 7444; 3319; 7508; 8254; 6923
7893; 4866; 5481; 930; 2118; 3879; 5458; 3958; 1572; 8363; 2625; 5729; 1641; 1376; 9840; 4001; 673; 4484; 7271; 580; 9183; 6670
4840; 196; 3365; 3254; 358; 940; 2023; 6598; 3914; 5535; 9153; 4194; 6500; 60; 6174; 9555; 1331; 4065; 4324; 4830
4860; 6484; 1975; 1137; 9552; 5; 1559; 8023; 1382; 8123; 6872; 837; 3103; 6649; 2988; 5733; 4431; 4885; 6424
5269; 9351; 8206; 4148; 3376; 1477; 1659; 3253; 8006; 8307; 5542; 3555; 5640; 7675; 2762; 7232; 3189
7829; 3400; 8608; 9979; 6300; 1848; 4646; 2596; 2715; 5896; 3752; 6205; 7227
2758; 2; 6674; 3965; 5274; 7511; 8505; 2815; 3572; 2350; 4135; 584; 6168; 4105; 1592
444; 6314; 4211; 7262; 5971; 452; 77; 1481; 5437; 2499; 912; 4565; 1282; 1091
6093; 1298; 340; 136; 1529; 5251; 3416; 3188; 9716; 6233; 485; 1215; 8748; 8909; 2494
7356; 6157; 7111; 7631; 7761; 208; 5043; 5825; 6321; 1986; 4998; 5047; 9367; 7421; 8743; 4695; 185; 8122; 8895
2593; 9331; 132; 1608; 2737; 5219; 3872; 6176; 3543; 6226; 1653; 3824; 6326; 3959; 3721; 38; 7895; 1336
2425; 5407; 3311; 527; 138; 9949; 6267; 7376; 52; 6541; 1771; 3044; 3688; 5978; 3693
2564; 1468; 8806; 3490; 7529; 8238; 8333; 79; 5931; 4654; 5292; 8007; 6517; 7311; 9314; 1279; 6861; 4653; 8103
7684; 2025; 5097; 2940; 5979; 8524; 6098; 155; 8610; 8858; 3869; 4791; 9455; 5452; 9327; 4712; 32; 6746
210; 8051; 8709; 6302; 5619; 9093; 2052; 9254; 7037; 4274; 2602; 5014
1983; 2356; 9121; 3381; 7823; 244; 2852; 2953; 4668; 1568; 5223; 2435; 5319; 104; 3689
9772; 2470; 2130; 2543; 6550; 1028; 662; 872; 9536; 9761; 1491; 8967; 9007; 8489; 4851; 7970; 6757; 6124
3787; 1658; 311; 9837; 2125; 3079; 4468; 6539; 8907; 286; 2444; 4980; 5118; 8777; 8817; 6978; 4645; 6036; 2250; 875; 7424
8599; 1792; 2881; 9494; 1623; 4043; 2863; 977; 6976; 7455; 5654; 5580; 8578; 2482
532; 5703; 5789; 9; 6032; 2249; 4724; 5966; 8179; 4335; 8125; 8255; 339; 8432; 5991
7210; 8470; 6856; 7387; 8388; 813; 9065; 2096; 397; 2784; 4118; 3258; 4666; 8168; 3339; 3191; 2440; 8653; 241; 1126; 8935; 3601
6817; 1026; 6111; 4242; 28; 7882; 1516; 8057; 4056; 9129; 193; 8842; 3544; 2133; 9880; 7466; 4170
9125; 6386; 9379; 2629; 214; 199; 4073; 2029; 2051; 2941; 9883; 9440; 5432; 6579; 3524; 347; 1339; 7398
7292; 4555; 6878; 7334; 3654; 630; 7216; 5780; 2242; 4391; 1600; 4743; 1609; 3484; 5963; 5826; 2384; 3807; 3418
2042; 4657; 3264; 8040; 8940; 1950; 4238; 3127; 2732; 469; 4625; 8810; 7798; 8349; 2672; 310; 4094; 2675
6922; 9625; 387; 1252; 5689; 5822; 5626; 9525; 2068; 1287; 5447; 1795; 6569; 5615; 1465; 7608; 298; 2000; 6563; 8260; 7636; 3002
2724; 252; 1954; 6519; 6755; 9854; 655; 8788; 9510; 955; 3909; 3280; 649; 7007; 9610; 9841; 7359; 7759; 4173; 7725; 8487
1951; 3795; 8004; 3730; 4742; 2576; 5787; 8358; 7041; 7696; 7143; 7178; 5829; 6242; 2452; 7253; 1059; 8094; 1041; 1706
177; 3702; 7556; 8951; 9515; 7859; 4955; 5901; 9983; 2177; 2153; 6449; 1515; 7221; 6406
8096; 6998; 8257; 6151; 4881; 6066; 8619; 720; 9793; 308; 1236; 8011; 1386; 5238; 1774; 2284; 3938; 4800; 1800; 2398
8801; 616; 9936; 7446; 7794; 2828; 1989; 3548; 5674; 7517; 1441; 1880; 1340; 8141; 8497; 4330; 5194; 2449; 6844; 1437
7795; 3151; 8110; 9500; 5716; 6315; 4051; 3305; 3591; 6261; 5005; 1914; 4341
5133; 9823; 5389; 9811; 50; 4446; 4871; 5581; 2108; 9561; 3811; 2046; 2490; 1219; 1432; 3549; 4850; 2753; 964; 8812; 1193; 2844
3541; 1835; 6044; 5983; 8551; 4071; 2232; 3135; 2149; 39; 854; 140; 2060; 1902; 4925; 2093; 1089; 853
824; 5066; 7409; 6818; 664; 2709; 6974; 8556; 4605; 7806; 5334; 9986; 2579; 8101; 3101; 2577; 7202; 7086; 6258; 7985; 5286; 9818; 8597; 3417; 2871
369; 74; 6005; 5873; 7167; 5472; 9246; 5431; 8124; 9261
9512; 1758; 9044; 6538; 9080; 6830; 6552; 2479; 3154; 8190; 1617
6056; 4916; 2185; 1726; 638; 7141; 4347; 541; 1727; 1558; 861; 8565; 5131; 5470; 8589; 579; 5198; 7767; 9499; 3427; 8783; 4201
5079; 3726; 9083; 3062; 7712; 8651; 692; 1179; 1531; 4537; 1453; 6064; 6813; 3350; 5403; 4399; 6772; 856; 9994; 7981; 3966
1159; 2277; 3676; 8092; 8366; 2821; 7379; 124; 4002; 6874; 3395; 1996; 3255; 9663; 6214; 4978; 2383; 9852; 1805; 5550
8566; 9724; 5800; 8943; 9074; 8052; 6270; 6065; 920; 9623; 6402; 1759; 7005; 1328
8646; 7133; 4066; 9781; 9674; 3775; 2997; 5270; 4112; 7867; 5404; 9925; 6702; 4402; 7610; 6771; 8844; 3571; 248
9619; 7295; 6548; 2085; 1016; 3628; 3467; 4927; 4662; 5980; 1074; 8576; 7986; 3885; 9511; 2566; 2352; 3152; 3037
4528; 624; 3814; 6992; 2113; 2880; 6394; 3442; 6024; 7565; 4517; 2393; 7779; 4284
120; 723; 1208; 2765; 9117; 4580; 2833; 297; 905; 2331; 9177; 326; 7329; 6583; 3993; 808; 6834
99; 6070; 982; 7410; 400; 1656; 7633; 9497; 2235; 2971; 2621; 1642; 1540; 7977; 1921; 6456; 1284
8949; 9128; 5129; 629; 3218; 8818; 3468; 4465; 62; 5010; 3067; 1044; 9834; 1610; 8021; 5255; 5585; 4080; 6910; 4717
3551; 5236; 2542; 7375; 407; 3608; 670; 5168; 1838; 1187; 1158; 7256; 7694; 7122; 9408; 1591; 6360
8091; 3; 3765; 4924; 8407; 1794; 5536; 4078; 2505; 4463; 9731; 7307; 8117; 850; 5069; 680; 3788; 9352; 6843
7015; 7479; 2045; 3978; 5314; 2899; 7542; 1539; 8214; 609; 5718; 3105; 9135; 8778; 9516; 7488; 9380; 4780; 7612
8823; 2033; 7223; 7107; 1943; 3088; 2171; 3321; 2943; 8776; 2853; 1552; 8623; 8996; 2654; 751; 2582; 9613; 3698; 372
9553; 1045; 8036; 5702; 2109; 3519; 2348; 6789; 106; 1810; 621; 1939; 6684; 3203; 8715; 803; 3539; 972; 179; 3406; 3355; 3346
9964; 6796; 3766; 2969; 581; 2839; 2019; 5925; 7127; 6276; 5084; 2104; 1309; 5271; 8339; 4703
6685; 8514; 710; 364; 2460; 4217; 8443; 3857; 1303; 9198; 7249; 7289; 1904; 8282; 8890; 18; 8577; 4983; 7914; 8730; 2088; 7400; 2750; 4184
7576; 592; 6023; 1886; 898; 4567; 2841; 7566; 5013; 8666; 9609; 9274; 4508; 4894; 1405; 6827; 4285; 6562; 1888; 3298; 6362; 7113; 460
1377; 3798; 6905; 6342; 702; 3977; 6414; 9954; 9269; 5742; 4976; 1168; 3684; 4031; 9739; 5745; 1992; 4246; 6327; 989; 5101; 4269
6030; 9773; 6723; 3629; 9977; 1050; 5842; 9725; 1329; 9238; 2208; 4090; 6961; 7592; 3111; 4136; 4779; 5187; 529; 1687
6183; 2412; 7034; 6511; 7163; 428; 3207; 2706; 9690; 1498; 1220; 8159; 1684; 4758; 9321; 3782; 4351; 439; 7001
6959; 5570; 4842; 1157; 3505; 7936; 2523; 4017; 8377; 9257; 635; 7166; 6972; 6238; 4726; 3645; 9295
7025; 4810; 3812; 2363; 8886; 5114; 8029; 5400; 475; 7278; 1605; 6806; 5057; 2932; 384; 9689; 9363; 3901; 9260; 5111; 7918; 3735
3090; 95; 7198; 7570; 5807; 2535; 818; 8559; 3083; 9668; 4456; 6784; 6890; 3772; 1351
851; 2778; 1035; 1046; 9467; 5967; 9829; 3243; 8419; 3774; 9746; 835; 9164; 5579; 6102; 9099; 4373
3783; 6873; 1192; 1390; 7693; 7813; 9608; 2174; 393; 6597; 8392; 5692; 9335; 8086; 8170; 9186; 6964; 1073; 1291
5560; 6690; 4823; 9096; 5026; 7391; 7743; 8449; 2690; 7474; 820; 7605; 946; 9764; 8670; 7802
9740; 519; 5992; 3292; 2861; 3447; 5951; 8899; 6928; 8720; 5353; 45; 8228; 6577; 8650; 2912; 3205; 6864; 6385
9333; 9088; 1681; 7035; 7483; 7578; 5844; 4107; 5841; 585; 1738; 8913; 4314; 8486; 1829; 1256; 449; 4628; 7347; 1296; 3021
2507; 1652; 4615; 7751; 4880; 7077; 1533; 5605; 58; 9045; 2474; 3918; 1471; 4610; 2652; 5369; 8121; 2292
7609; 7534; 5243; 6914; 419; 2680; 4210; 9040; 8043; 9686; 2385; 754; 3393; 4655; 715; 3819; 8134; 5471; 5457; 7827; 1946
3477; 7877; 4685; 3224; 8351; 1144; 2847; 8734; 6823; 8319; 8181; 7407; 8118; 4272; 5874; 9200; 8671; 687; 4270; 1414; 6274
1940; 4672; 8887; 8554; 4966; 677; 511; 4223; 3536; 8961; 3164; 699; 7661; 1038; 7231; 3279; 5139; 973; 1931
8530; 7774; 3887; 9513; 2437; 1960; 5830; 5590; 732; 5199; 2678; 6944; 7352; 2611; 3832; 7704; 382; 4221; 294; 490; 7468; 2195
2220; 8504; 8815; 6172; 9226; 4640; 1890; 3246; 7845; 9846; 1599; 1367; 4575; 7982; 5906; 7073; 1185; 306; 7243; 3851; 5419; 3912; 7287
3625; 8609; 1952; 148; 3576; 4510; 5506; 3358; 5970; 6676; 7182; 1419; 1661; 2954; 5794; 8716; 7252; 5021
9673; 345; 4187; 4597; 2245; 8207; 7528; 996; 3874; 3840; 5434; 7145; 8106; 4786; 1638; 935
6171; 8852; 6006; 4869; 3952; 8660; 8828; 4441; 6249; 8526; 7597; 3033; 8224; 8259; 5049; 7879; 5691
826; 2948; 2148; 8839; 6223; 1945; 6105; 5405; 3394; 790; 8221; 325; 4364; 1906; 300; 7416; 3441; 1350; 7335; 4428
7190; 8857; 6268; 2011; 9871; 6748; 5384; 5681; 8510; 4108; 1201; 3526; 7917; 2035; 4807; 432; 8268; 4420; 4398
558; 212; 4626; 6220; 24; 9267; 7430; 116; 7602; 3118; 6325; 3466; 9216; 6620; 3939; 6291; 6867; 5233; 3117; 6568; 8525; 9144
3651; 9015; 729; 1039; 7246; 3012; 4081; 2074; 6949; 8959; 7775; 1506; 3478; 9272; 65; 5108
5230; 6662; 8883; 7128; 1864; 5036; 4632; 8741; 3211; 1512; 6046; 5797; 9895; 2069; 7341; 4156; 2278; 6052
3861; 718; 5056; 9427; 6390; 5851; 436; 8809; 5586; 1057; 5865; 7157; 522; 2072; 2515; 4150; 2963; 4833; 398; 7666
728; 3133; 8165; 6395; 7983; 1842; 2689; 3569; 6638; 6337; 9139; 2020; 731; 8550; 4467
536; 5316; 1522; 7018; 442; 7965; 1393; 2367; 4375; 1704; 2288; 2509; 3759; 9229; 1922; 3699; 5163; 4138; 7804; 2488
488; 5195; 8759; 3434; 9662; 101; 6364; 2711; 5578; 8063; 3587; 6419; 8826; 5948; 7477; 66; 1081; 1530
2980; 7868; 2645; 8965; 4417; 6970; 6389; 2987; 2779; 2866; 4440; 6513; 4564; 5417; 5053; 2421
4584; 2009; 5767; 1604; 823; 7523; 8618; 1793; 6136; 6780; 1962; 2913; 907; 542; 9073; 4664; 1401; 8859; 5731
9776; 2065; 9242; 8816; 5947; 1678; 6472; 1075; 5976; 642; 3736; 316; 9299; 944; 3323; 2925
533; 2122; 9414; 6759; 2071; 6331; 4789; 4248; 6121; 8088; 9967; 8533; 5850; 7121; 5671; 9863; 446; 4218; 5386; 2270; 4903; 2423
6661; 8557; 2124; 3876; 6558; 3222; 5294; 190; 749; 9769; 1210; 1761; 8931; 8493
6308; 923; 2101; 72; 9589; 3567; 3575; 7200; 2796; 8292; 5903; 3380; 775; 9100
8849; 3920; 7702; 2631; 7606; 5564; 5507; 8256; 2197; 2365; 5665; 663; 9127; 7938; 1200
1964; 4493; 6081; 1125; 8640; 2293; 2777; 7916; 966; 2520; 5346; 4519; 6613; 5332; 1901; 6887; 7988
2516; 1750; 8463; 9591; 6523; 7963; 2372; 4394; 7137; 8017; 5171; 9899; 2131; 9870; 8657; 9749
1813; 1285; 3496; 6991; 5639; 9155; 9600; 2565
7758; 5495; 1171; 6190; 9593; 9492; 5402; 9146; 3433; 880; 6543; 1247; 947; 4172; 8674; 7884; 7124; 1447
4835; 2502; 6400; 8331; 7220; 3073; 9329
8791; 5538; 3637; 5068; 5311; 574; 2427; 1292; 3510; 1373; 3296; 4503; 1191; 4278; 19; 5539; 7042; 1575
1308; 4151; 8918; 337; 1288; 1933; 6697; 2036; 7604; 4222; 6594; 1065; 8131; 4047; 229; 4675; 3740; 5714; 216; 1100
9036; 7760; 9862; 7381; 4149; 4203; 3052; 3848; 4929; 9921; 2907; 2938; 3987; 768; 6432; 5298; 5541; 7146; 6092
3180; 2810; 1024; 1123; 1342; 4744; 6488; 3611; 2616; 9384; 3307; 8765; 8994; 5750; 5520; 1903; 9215; 892; 8173; 9752; 2043; 3204
1395; 3095; 4473; 652; 3631; 8451; 3250; 4229; 5409; 2710; 7441; 8641; 7630; 9341; 8365; 9245; 9733; 8271
5859; 4521; 172; 2790; 5713; 8308; 3172; 7778; 1241; 6054; 7548; 4483; 7285; 6166; 5676; 6332; 4287; 7783
8520; 4920; 2785; 3786; 1616; 23; 874; 3523; 2809; 7843; 2015; 55; 70; 5185; 7726; 3937; 8278; 8217; 6298; 3583
8662; 7731; 6786; 1147; 6709; 2178; 6733; 8019; 4177; 1364; 9907; 597; 2569; 9763; 8430; 6924
7805; 4999; 6603; 4606; 3027; 2599; 3138; 4821; 4137; 6253; 5675; 5760; 4893; 4974; 2448; 3059; 8722; 6791; 9208; 6556; 5573; 6230; 8354
7333; 6416; 6207; 4098; 9785; 7509; 9047; 7323; 3345; 6454; 9084; 7789; 7876; 5462; 3943; 1326; 56; 998; 8945; 3140
6700; 3588; 7720; 8712; 612; 2798; 8517; 4622; 5870; 8635; 200; 250; 1009; 829; 7171; 1392; 1743; 911; 4889
1760; 1576; 5387; 1680; 7835; 4961; 1104; 3706; 4123; 4599; 6804; 2743; 6427; 9534; 7793; 362; 9888; 4116; 2679; 8840; 2657; 6208; 1103; 5175
2609; 1767; 7071; 3368; 9842; 1644; 5132; 7195; 3256; 2781; 9697; 3066; 2745; 7378; 6222; 9789; 8400; 3343; 8574; 3841
6717; 8461; 9971; 1573; 167; 7582; 6779; 899; 2721; 4784; 7475; 4109; 6076; 4198; 9071; 215; 8688; 6163; 4958; 1731; 1249; 1076; 8147; 738; 1991; 954; 1912
9409; 4663; 2496; 2729; 9294; 9256; 9940; 5041; 5862; 3659; 9483; 7554; 1037; 7097; 1266; 8034; 6610; 6965; 8979; 9016; 9576; 2079
5627; 420; 1841; 5315; 8862; 7109; 5408; 9832; 9758; 8694; 1025; 7196; 5388; 8264; 2695; 125; 3633; 5342; 9415
3297; 6739; 9614; 8239; 2884; 2802; 5225; 9874; 4241; 8926; 4545; 3976; 8552; 4553; 5763; 5743; 7250; 8262
6148; 4608; 7776; 9277; 2588; 69; 2010; 4213; 3845; 4633; 9303; 9010; 3493; 7030; 1461; 569; 1553; 984; 3836; 9162; 290
1032; 869; 75; 7921; 9539; 7781; 7904; 7568; 5039; 1739; 3301; 3859; 4895; 6727; 3492; 8395; 6836
1433; 8861; 2703; 4574; 9765; 7452; 149; 1458; 1525; 4356; 9243; 1072; 2491; 9509; 7942; 1218; 3612; 6528; 4506; 4362
9462; 385; 4873; 6441; 3560; 5809; 5264; 487; 8056; 6139
4303; 6088; 4848; 5996; 4110; 8130; 1375; 8418; 5684; 4007; 3454; 5943; 4127; 7850; 1733; 1212; 7950; 5735
4766; 162; 1497; 8560; 175; 8360; 7203; 2537; 9149; 941; 5330; 1879; 4258; 8538
9565; 6710; 8350; 9151; 5146; 6592; 7399; 6324; 9082; 4941; 788; 650; 5808; 3535; 143; 8182; 7290; 8375; 8658; 2764; 8893
636; 1290; 8174; 7274; 4359; 5748; 9301; 1728; 7258; 3057; 8466; 9644; 2630; 1855; 8393; 376; 6338
9095; 2800; 6361; 598; 4048; 236; 8962; 6221; 3200; 9382; 2341; 9568; 9158; 8995; 3479; 1008; 6089; 7385; 9287
7822; 696; 3988; 2022; 3171; 3375; 9672; 458; 392; 8955; 2772; 6819; 9396; 4227; 5212; 3146; 4188; 7786; 9801; 6602
5670; 6460; 8379; 4621; 3622; 4161; 5075; 5737; 4612; 9420; 2541
6745; 602; 521; 7472; 5555; 672; 622; 3983; 9025; 8614; 3251; 3635; 3283; 8462; 2983; 1966; 9975; 2143; 4745
7138; 8343; 1699; 2991; 9923; 1129; 1173; 7419; 1969; 5908; 8265; 2707; 8860; 9404; 842; 240; 4752; 8509; 6235; 3302; 5358
658; 8155; 2434; 368; 7487; 657; 7152; 3369; 1504; 8295; 8502; 3843; 4541; 1778; 3803; 4401; 3672; 2354
8212; 9436; 8880; 4406; 9028; 7997; 9945; 564; 5554; 4525; 2976; 9429; 8572; 2527; 2357; 4819; 2359
747; 5191; 8477; 6097; 2947; 165; 5156; 7350; 7058; 9475; 4923; 5768; 1804; 1856; 2455; 1513; 8326; 6471; 2244; 3121; 281; 6164; 3318
3589; 5861; 7380; 9588; 4699; 5986; 1740; 5805; 3281; 473; 8850; 3024; 422; 4546; 6617; 1909; 5062
5196; 6195; 5756; 3201; 9271; 4325; 5786; 8868; 3660; 1020; 3286; 3636; 9348; 3443; 1310
6902; 233; 2211; 679; 8243; 1869; 1628; 8405; 6492; 456; 8929; 1597; 7655; 7492; 2975; 8263; 259; 9540; 5938; 4714; 985; 2301; 6382
9496; 5242; 9453; 5106; 7047; 9029; 1523; 3060; 7855; 5214; 5496; 1163; 8934; 2004; 5516; 5930; 2808; 4813
4164; 8663; 4630; 7254; 6800; 3961; 1734; 1349; 4179; 6312; 4939; 8075; 5413; 1436
4350; 5624; 9797; 6194; 7837; 1897; 54; 6852; 7320; 2049; 993; 9798
304; 4471; 4719; 3334; 3291; 5122; 3936; 4563; 4534; 5247; 9452; 4216
5584; 8567; 9759; 1130; 6611; 5869; 3061; 5141; 1149; 5484; 7755; 7620; 4111; 1843; 5054; 5046; 7987; 8098; 3370; 7401; 2845; 7601; 8475; 669; 1666
6514; 3464; 7032; 3821; 8383; 9966; 3804; 2561; 8195; 147; 7485; 4102; 6506; 115; 204; 3595; 6735; 2406
3708; 707; 6428; 2795; 5508; 1521; 7108; 8922; 4491; 5941; 8611; 2333; 2309; 7; 5025; 2203; 7864
9585; 9902; 2191; 2914; 7515; 7853; 9928; 703; 7021; 2334; 5792; 2477; 1511; 6938; 9762
8532; 7814; 4762; 1456; 279; 6750; 3847; 128; 6683; 7094; 4018; 4415; 5124; 8594; 8072; 2286; 8693; 2531; 6458; 3173; 5824
2746; 1948; 1832; 3538; 5994; 6679; 7276; 6241; 5064; 1685; 8448; 3971; 6217; 9147; 5215; 740
2633; 3664; 6950; 1234; 4583; 1647; 4996; 3540; 5744; 7056; 7537; 1254; 5099; 5699; 1442; 5997; 247; 9657
2968; 4434
